DeviceID,StartingAt,Pollen,Grass,Tree,Weed/Shrub,Total,PPM3_1,Ambrosia,Artemisia,Asteraceae,Chenopodium / Amaranthus,Cyperaceae,Plantago,Rumex,Acer,Alnus,Betula,Carya,Cupressaceae,Fraxinus,Morus,Urticaceae,Olea,Pinus,Populus,Quercus,Salix,Tilia,Ulmus,Poaceae,Total2,PPM3_2
18219,2020-03-01T00:00:00Z,52.63,5.42618,32.4082,10.0805,47.91488,46.8022801,0,0,0,10.0805,0,0,0,1.37839,3.35134,9.99101,0,0,0,0,0,0,0,0,7.75532,2.56933,0,7.36283,5.42618,47.9149,42.60928312
18219,2020-03-02T00:00:00Z,98.8792,0,86.2538,10.8728,97.1266,87.93030618,0,0,0,10.8728,0,0,0,24.385,5.42618,11.8206,0,0,5.42618,5.42618,0,10.8524,16.2785,0,2.46478,4.17403,0,0,0,97.12665,86.37181605
18219,2020-03-03T00:00:00Z,0,0,0,0,0,0,0,0,0,0,0,0,0,0,0,0,0,0,0,0,0,0,0,0,0,0,0,0,0,0,0
18219,2020-03-04T00:00:00Z,17.5736,5.42618,10.8524,0,16.27858,15.62767527,0,0,0,0,0,0,0,0,0,0,0,0,0,0,0,0,0,0,0,10.8524,0,0,5.42618,16.27858,14.47605284
18219,2020-03-05T00:00:00Z,0,0,0,0,0,0,0,0,0,0,0,0,0,0,0,0,0,0,0,0,0,0,0,0,0,0,0,0,0,0,0
18219,2020-03-06T00:00:00Z,93.1823,16.2785,70.7402,0.764676,87.783376,82.86422392,0,0,0,0.764676,0,0,0,0,8.81163,3.42205,0,0,5.42618,15.437,0,0,0,5.42618,0,26.791,0,5.42618,16.2785,87.783396,78.06314056
18219,2020-03-07T00:00:00Z,41.0448,0,33.0346,5.42618,38.46078,36.4999093,0,0,0,5.42618,0,0,0,0,0,0,0,2.08403,0,3.31694,0,0,0,5.42618,9.73803,12.4694,0,0,0,38.46076,34.20200005
18219,2020-03-08T00:00:00Z,3.27068,0,0,0,0,2.908517604,0,0,0,0,0,0,0,0,0,0,0,0,0,0,0,0,0,0,0,0,0,0,0,0,0
18219,2020-03-09T00:00:00Z,105.777,13.8152,76.1955,8.80197,98.81267,94.06431279,0,0,0,8.80197,0,0,0,5.42618,0,10.8524,0,0,4.1105,2.18282,0,5.42618,32.5571,0,12.0329,3.60746,0,0,13.8152,98.81271,87.87117862
18219,2020-03-10T00:00:00Z,91.0829,5.42618,80.1464,3.51436,89.08694,80.99729048,0,0,0,3.51436,0,0,0,0,11.9815,13.3798,0,0,5.25621,7.61772,0,0,31.0588,0,10.8524,0,0,0,5.42618,89.08697,79.22236981
18219,2020-03-11T00:00:00Z,7.007,0,1.58082,5.42618,7.007,6.23111489,0,0,0,5.42618,0,0,0,0,0,0,0,0,0,0,0,0,0,0,0,1.58082,0,0,0,7.007,6.23111489
18219,2020-03-12T00:00:00Z,88.0308,0,68.6115,16.5328,85.1443,78.28314952,0,0,0,16.5328,0,0,0,0,1.00235,19.7922,3.92382,0,0,0,0,0,12.3547,1.14708,16.2785,8.68658,0,5.42618,0,85.14421,75.71619163
18219,2020-03-13T00:00:00Z,192.135,0,157.363,32.5652,189.9282,170.8598915,0,0,0,30.8746,0,1.6906,0,0,8.85919,13.0091,6.96838,0,5.42618,5.42618,0,0,59.688,0,47.0501,5.42618,0,5.50998,0,189.92849,168.8977083
18219,2020-03-14T00:00:00Z,112.212,5.42618,86.6362,18.7147,110.77708,99.78676524,0,0,0,18.7147,0,0,0,5.42618,7.11089,17.5838,0,0,0,1.16193,0,2.2534,21.7047,5.42618,6.57792,17.0201,0,2.37109,5.42618,110.77707,98.51072504
18219,2020-03-15T00:00:00Z,108.758,5.42618,89.0564,14.2759,108.75848,96.71522666,0,0,0,8.84973,0,5.42618,0,0,2.78448,8.43873,5.42618,0,0,0,0,0,70.5403,0,0,0,0,1.86666,5.42618,108.75844,96.71561794
18219,2020-03-16T00:00:00Z,38.7543,0,38.7543,0,38.7543,34.46303636,0,0,0,0,0,0,0,0,1.55969,0,0,0,0,1.16512,0,10.4289,5.42618,0,5.42618,9.32202,0,5.42618,0,38.75427,34.46300968
18219,2020-03-17T00:00:00Z,22.1642,0,12.7346,5.42618,18.16078,19.70995813,0,0,0,5.42618,0,0,0,0,0,0,0,0,0,0,0,0,5.42618,0,6.14002,1.16838,0,0,0,18.16076,16.14981905
18219,2020-03-18T00:00:00Z,330.763,3.82123,290.389,32.3796,326.58983,294.137613,0,0,0,26.0445,0,6.33509,0,16.2785,10.0658,37.3903,8.1746,0,6.67792,7.64243,0,11.2152,141.504,9.46423,26.0252,15.9512,0,0,3.82123,326.5902,290.4268672
18219,2020-03-19T00:00:00Z,511.181,5.42618,465.245,37.2745,507.94568,454.5779279,0,0,0,37.2745,0,0,0,19.7318,21.1331,42.7113,8.20819,0,17.7497,6.49617,0,11.1836,284.805,5.42618,28.5546,12.1481,0,7.09686,5.42618,507.94528,451.7004991
18219,2020-03-20T00:00:00Z,1176.44,20.306,935.476,212.424,1168.206,1046.172799,0,0,0,193.825,0,18.5998,0,22.0466,42.5301,286.233,54.4008,0,31.7513,11.6782,0,23.2454,228.504,6.55724,189.885,24.6674,0,13.9773,20.306,1168.20714,1038.851563
18219,2020-03-21T00:00:00Z,366.127,1.2558,326.318,35.3878,362.9616,325.5857573,0,0,0,28.5039,0,6.88391,0,5.42618,9.38701,43.4754,37.4379,2.44586,0,2.12203,0,1.16328,47.1834,1.917,151.956,7.52484,0,16.2785,1.2558,362.96101,322.7703374
18219,2020-03-22T00:00:00Z,745.476,19.7389,653.156,64.6234,737.5183,662.9294425,0,0,0,58.7393,0,5.8841,0,47.9716,22.2383,65.6925,65.5745,0,0,5.42618,0,8.71811,263.334,7.34586,142.33,9.97987,0,14.5449,19.7389,737.51812,655.8527386
18219,2020-03-23T00:00:00Z,61.1929,5.42618,47.9524,7.81432,61.1929,54.41701018,0,0,0,7.81432,0,0,0,0,0,5.42618,13.6059,0,0,0,0,1.75053,13.525,0,9.96914,3.67565,0,0,5.42618,61.1929,54.41701018
18219,2020-03-24T00:00:00Z,255.03,0,228.384,26.6466,255.0306,226.7905281,0,0,0,26.6466,0,0,0,0,6.00944,62.5667,16.2785,0,0,0,0,5.42618,103.097,0,35.0055,0,0,0,0,255.02992,226.790457
18219,2020-03-25T00:00:00Z,2712.76,54.0339,2336.42,314.802,2705.2559,2412.376085,0,0,0,291.118,0,23.684,0,18.4972,40.7411,302.86,342.67,1.93592,30.4862,39.0727,0,30.6345,571.12,1.07155,904.829,11.9612,0,40.5424,54.0339,2705.25767,2405.704488
18219,2020-03-26T00:00:00Z,7851.5,7.63126,7033.89,782.807,7824.32826,6982.103405,0,0,0,759.457,0,23.3504,0,45.7231,117.907,970.154,570.092,5.42618,125.928,66.925,0,137.603,1633.64,41.5368,3240.01,70.388,0,8.55483,7.63126,7824.32657,6957.938889
18219,2020-03-27T00:00:00Z,8767.22,44.9606,7763.88,910.455,8719.2956,7796.425729,0,0,0,876.162,0,34.2926,0,34.5959,101.049,1206.87,595.856,1.88634,124.48,98.5452,0,168.654,1444.79,33.3357,3812.39,99.7736,0,41.6539,44.9606,8719.29484,7753.807322
18219,2020-03-28T00:00:00Z,8175.77,23.4938,7330.56,784.293,8138.3468,7270.466988,0,0,0,754.528,0,29.7652,0,10.3555,127.028,1431.81,557.777,11.6207,180.6,40.9582,0,151.007,1592.52,34.0759,2998.1,185.889,0,8.82121,23.4938,8138.34951,7237.190069
18219,2020-03-29T00:00:00Z,5463.97,54.219,4898.98,490.707,5443.906,4858.944602,0,0,0,475.107,0,15.5999,0,15.6329,102.021,926.33,288.615,5.42618,177.495,57.5664,0,176.082,1120.53,25.4958,1819.33,158.332,0,26.1289,54.219,5443.91108,4841.106806
18219,2020-03-30T00:00:00Z,5804.25,55.9444,5182.23,524.037,5762.2114,5161.545398,0,0,0,504.333,0,19.7034,0,25.5163,104.561,1064.51,429.073,0,168.225,89.496,0,265.527,1163.56,35.9899,1591.18,222.359,0,22.2225,55.9444,5762.2005,5124.152039
18219,2020-03-31T00:00:00Z,3847.91,24.9958,3375.06,425.049,3825.1048,3421.830926,0,0,0,401.721,0,23.3284,0,20.1387,117.85,882.617,302.483,0,114.242,43.7722,0,133.662,498.95,16.3871,1086.81,134.698,0,23.4434,24.9958,3825.0986,3401.545432
18219,2020-04-01T00:00:00Z,1991.5,9.87361,1768.16,198.368,1976.40161,1770.981205,0,0,0,187.651,0,10.7171,0,9.21048,30.751,381.594,170.796,0,47.531,26.1765,0,69.9596,528.465,23.1023,413.702,56.0224,0,10.8524,9.87361,1976.40439,1757.557132
18219,2020-04-02T00:00:00Z,648.151,21.1432,549.932,67.9332,639.0084,576.3812398,0,0,0,66.7101,0,1.22312,0,10.8524,9.93372,106.844,27.5508,0,41.8701,2.63538,0,27.2061,128.396,1.53826,143.725,49.3795,0,0,21.1432,639.00768,568.2503596
18219,2020-04-03T00:00:00Z,1672.63,18.9868,1348.07,297.03,1664.0868,1487.41968,0,0,0,283.088,0,13.9419,0,3.47798,38.2201,252.621,127.976,2.10954,80.3334,43.0353,0,27.2444,158.177,9.3201,531.763,73.0986,0,0.695226,18.9868,1664.088346,1479.823843
18219,2020-04-04T00:00:00Z,3434.41,33.4448,2729.69,653.932,3417.0668,3054.117781,0,0,0,635.354,0,18.5784,0,3.14295,40.6767,573.063,348.975,0,102.048,41.6582,0,129.037,314.036,7.34983,1008.63,155.647,0,5.42618,33.4448,3417.06706,3038.695224
18219,2020-04-05T00:00:00Z,2390.58,12.0185,1922.78,419.985,2354.7835,2125.871077,0,0,0,408.386,0,11.5989,0,5.42618,64.8307,420.611,211.49,0,51.513,51.9726,0,74.9105,175.693,7.51842,738.293,116.297,0,4.22023,12.0185,2354.77903,2094.034348
18219,2020-04-06T00:00:00Z,1426.94,36.9833,1122.38,250.017,1409.3803,1268.934934,0,0,0,241.294,0,8.72376,0,0,39.8759,311.072,86.0335,1.42378,62.08,31.2235,0,48.4735,64.5155,8.67833,351.471,110.125,0,7.40868,36.9833,1409.38175,1253.320909
18219,2020-04-07T00:00:00Z,646.58,1.0339,501.442,128.723,631.1989,574.9841966,0,0,0,115.505,0,13.2177,0,1.37401,4.04996,163.323,53.0001,0,11.0677,23.5339,0,37.7103,43.2251,7.66344,106.926,46.6596,0,2.90946,1.0339,631.19917,561.3064859
18219,2020-04-08T00:00:00Z,81.1915,0,58.6348,20.7202,79.355,72.20116521,0,0,0,20.7202,0,0,0,0,0,20.4962,1.02179,0,5.42618,4.3619,0,9.09776,4.40439,0,10.8524,1.12416,0,1.85011,0,79.35509,70.56810088
18219,2020-04-09T00:00:00Z,425.371,5.42618,348.547,63.4999,417.47308,378.2696692,0,0,0,44.4987,0,19.0012,0,3.68013,9.84795,130.701,12.7066,0,11.6652,3.95967,0,11.9044,36.1743,0,81.8893,40.1745,0,5.84378,5.42618,417.47291,371.2461347
18219,2020-04-10T00:00:00Z,1208.31,31.0616,988.72,157.416,1177.1976,1074.513834,0,0,0,133.205,0,24.2109,0,1.33308,39.3251,266.085,96.288,0,28.0416,27.1778,0,81.7879,144.731,21.5805,176.058,99.8083,0,6.50439,31.0616,1177.19817,1046.847017
18219,2020-04-11T00:00:00Z,250.124,1.71078,223.981,18.0623,243.75408,222.4277695,0,0,0,12.6361,0,5.42618,0,0,8.9166,74.9495,11.4648,0,0,7.7842,0,19.8561,10.2399,10.5901,43.5872,36.5925,0,0,1.71078,243.75396,216.763084
18219,2020-04-12T00:00:00Z,116.606,3.63516,85.0218,17.6828,106.33976,103.6942176,0,0,0,16.2672,0,1.41556,0,0,7.43817,24.7754,2.03769,0,1.19428,3.29697,0,1.68521,15.5026,2.60798,11.5853,14.8983,0,0,3.63516,106.33982,94.56481173
18219,2020-04-13T00:00:00Z,150.16,8.07615,116.774,21.8586,146.70875,133.5327832,0,0,0,21.8586,0,0,0,0,0,30.9397,30.943,0,11.5283,4.71775,0,0,16.2785,0.661004,16.6565,5.04897,0,0,8.07615,146.708474,130.4634447
18219,2020-04-14T00:00:00Z,450.05,5.93146,343.758,89.4959,439.18536,400.2159635,0,0,0,78.2387,0,11.2572,0,0,16.167,60.9687,20.5975,5.71946,29.5901,15.0068,0,43.6078,37.9832,0.98148,57.3166,51.4871,0,4.33266,5.93146,439.18576,390.5547208
18219,2020-04-15T00:00:00Z,983.078,36.1249,807.506,116.459,960.0899,874.2217731,0,0,0,88.9539,0,27.5048,0,1.74124,15.7276,117.232,117.947,0.703631,29.4642,23.9476,0,113.411,153.196,11.2197,128.129,84.1578,0,10.629,36.1249,960.089371,853.7786749
18219,2020-04-16T00:00:00Z,767.752,24.8676,592.997,136.756,754.6206,682.738821,0,0,0,118.422,0,18.3342,0,5.42618,27.6867,102.818,50.2564,5.42618,39.566,37.6161,0,60.3315,48.8356,4.30009,125.215,85.519,0,0,24.8676,754.62055,671.0614165
18219,2020-04-17T00:00:00Z,516.692,2.85743,420.051,81.1095,504.01793,459.4786948,0,0,0,75.847,0,5.26248,0,0,9.76169,104.39,26.147,0,10.8524,8.8856,0,53.2335,37.9832,12.939,101.171,48.9036,0,5.78384,2.85743,504.01774,448.2078556
18219,2020-04-18T00:00:00Z,193.963,3.647,162.22,18.7565,184.6235,172.485477,0,0,0,15.0791,0,3.67747,0,0,14.4105,27.5915,5.42618,0,0,12.6845,0,10.6899,43.4094,2.47955,24.5745,15.5275,0,5.42618,3.647,184.62328,164.1799442
18219,2020-04-19T00:00:00Z,129.195,1.08543,92.5905,32.5044,126.18033,114.8892377,0,0,0,31.2152,0,1.2891,0,0,0,14.5928,5.42618,0,10.8524,6.99158,0,0,17.6018,2.23574,19.6969,5.42618,0,9.76692,1.08543,126.18023,112.2082931
18219,2020-04-20T00:00:00Z,95.9279,3.9143,73.4009,15.7934,93.1086,85.30580363,0,0,0,10.2074,0,5.58608,0,0,0,18.2206,10.2326,0,0,0,0,0.558044,16.8983,0,17.3662,7.28351,0,2.84169,3.9143,93.108724,82.79879499
18219,2020-04-21T00:00:00Z,282.583,4.85725,204.982,66.4589,276.29815,251.2925844,0,0,0,48.8757,0,17.5832,0,0,2.99505,48.2222,46.9275,0,0,7.96699,0,16.1646,13.8909,5.42618,34.1194,28.0601,0,1.2094,4.85725,276.29847,245.7039404
18219,2020-04-22T00:00:00Z,528.463,9.05111,432.395,68.8356,510.28171,469.946292,0,0,0,61.0614,0,7.77419,0,0,16.5463,83.4715,61.3213,0,25.2211,26.8285,0,64.3854,21.7047,4.23151,85.0141,38.6354,0,5.03548,9.05111,510.28199,453.7784652
18219,2020-04-23T00:00:00Z,55.1871,0,42.6414,6.13474,48.77614,49.07623242,0,0,0,4.50826,0,1.62648,0,0,0,14.1375,10.3612,2.04297,0,2.06192,0,1.22575,0,2.61931,10.1927,0,0,0,0,48.77609,43.37511355
18219,2020-04-24T00:00:00Z,53.2152,0,41.1699,10.9938,52.1637,47.3226809,0,0,0,10.9938,0,0,0,0,0,17.5415,10.8524,0,0,0,0,1.39368,0,1.36346,1.93521,8.08364,0,0,0,52.16369,46.38760461
18219,2020-04-25T00:00:00Z,210.515,5.42618,168.119,31.5906,205.13578,187.2046741,0,0,0,23.0268,0,8.56376,0,0,3.39369,65.0888,31.9607,0,5.42618,4.94526,0,5.1938,5.42618,0,34.8202,11.864,0,0,5.42618,205.13555,182.4208905
18219,2020-04-26T00:00:00Z,153.193,0.714434,110.551,36.2956,147.561034,136.2299391,0,0,0,22.2847,0,14.0109,0,7.30889,6.04013,21.5489,42.1682,0,0,4.2457,0,3.11511,5.42618,2.10804,0,18.5896,0,0,0.714434,147.560784,131.2213784
18219,2020-04-27T00:00:00Z,338.891,9.62443,255.465,59.0467,324.13613,301.3655996,0,0,0,41.7004,0,17.3462,0,5.42618,11.6768,54.7076,55.1522,0,24.5256,11.3222,0,20.286,8.60851,0.980822,14.9344,31.5665,0,16.2785,9.62443,324.136342,288.2447249
18219,2020-04-28T00:00:00Z,252.153,11.9058,205.085,28.8125,245.8033,224.2320983,0,0,0,25.5983,0,3.21427,0,0,8.71729,58.049,49.3597,0,3.14595,20.8429,0,7.62939,5.42618,4.15937,15.0994,20.9299,0,11.7262,11.9058,245.80365,218.5858118
18219,2020-04-29T00:00:00Z,198.764,0,173.506,16.1175,189.6235,176.7548623,0,0,0,8.96775,0,7.14977,0,3.2723,7.75375,12.2345,108.632,0,1.67478,5.15701,0,11.8175,0,3.77836,5.42618,13.0959,0,0.663998,0,189.623798,168.6267548
18219,2020-04-30T00:00:00Z,100.108,4.14608,72.7482,15.2288,92.12308,89.02304116,0,0,0,15.2288,0,0,0,0,0,3.27863,10.8524,0,0,10.8524,0,7.97628,3.19295,2.71048,14.6394,19.2458,0,0,4.14608,92.12322,81.92241585
18219,2020-05-01T00:00:00Z,511.541,7.76634,409.101,75.3439,492.21124,454.8980651,0,0,0,68.5102,0,6.83368,0,10.4292,54.3907,86.8088,87.896,0,28.4748,16.3466,0,14.2376,10.8524,2.2464,65.9642,28.2745,0,3.17978,7.76634,492.2112,437.7086538
18219,2020-05-02T00:00:00Z,373.897,6.70898,309.084,41.5629,357.35588,332.4953852,0,0,0,29.731,0,11.8319,0,0,16.1036,55.2178,123.133,1.14891,7.48481,23.7112,0,6.39312,10.8524,8.30715,29.7108,27.0218,0,0,6.70898,357.35647,317.7863881
18219,2020-05-03T00:00:00Z,81.1038,0,60.9888,9.1208,70.1096,72.12317623,0,0,0,5.35438,0,3.76642,0,0,0.812836,9.21376,16.2785,0,3.45467,5.38165,0,0.684672,5.42618,1.97151,8.58113,9.18391,0,0,0,70.109618,62.34638
18219,2020-05-04T00:00:00Z,340.004,6.99415,299.41,20.2398,326.64395,302.3553571,0,0,0,6.99619,0,13.2437,0,1.3464,24.5604,45.982,137.366,0.79942,5.42618,7.19121,0,26.3449,5.42618,6.46227,24.9046,13.6005,0,0,6.99415,326.6441,290.4747988
18219,2020-05-05T00:00:00Z,203.748,1.50612,171.033,20.5874,193.12652,181.186984,0,0,0,16.057,0,4.53036,0,0,8.38109,5.42618,93.8079,0,0,2.15173,0,11.4225,0,9.56612,7.39125,29.6464,0,3.23971,1.50612,193.12636,171.7414782
18219,2020-05-06T00:00:00Z,538.124,19.0192,411.137,82.1214,512.2776,478.5375295,0,0,0,69.9834,0,12.1379,0,0,20.331,83.2994,112.708,0,10.8768,13.283,0,59.4245,13.1352,10.1243,13.2357,73.3139,0,1.40466,19.0192,512.27696,455.5525322
18219,2020-05-07T00:00:00Z,319.621,5.42618,226.941,62.8164,295.18358,284.2293667,0,0,0,40.2758,0,22.5406,0,1.04826,4.98471,59.0377,58.6644,0,16.2785,3.37864,0,19.6999,5.42618,0,24.4109,34.0114,0,0,5.42618,295.18317,262.4975376
18219,2020-05-08T00:00:00Z,228.226,2.90357,149.039,59.6913,211.63387,202.954535,0,0,0,30.6362,0,29.055,0,0,9.96188,10.2558,33.3354,0,11.2523,16.8294,0,28.1419,2.85484,2.6526,5.42618,25.6435,0,2.6852,2.90357,211.63377,188.1995626
18219,2020-05-09T00:00:00Z,400.79,6.44796,307.756,75.8737,390.07766,356.4105233,0,0,0,72.1149,0,3.75879,0,0,14.1695,95.9167,33.7224,0,21.6296,3.73542,0,10.4343,9.29338,0,40.4138,62.1627,0,16.2785,6.44796,390.07795,346.8846186
18219,2020-05-10T00:00:00Z,250.905,0.751235,166.141,72.4271,239.319335,223.1222894,0,0,0,54.2285,0,18.1987,0,2.98814,11.8254,49.4521,40.8865,0,0,9.7028,0,7.91565,0,0,37.6998,5.67077,0,0,0.751235,239.319595,212.8197362
18219,2020-05-11T00:00:00Z,483.238,22.9734,295.745,142.186,460.9044,429.7290563,0,0,0,102.063,0,40.1227,0,0,31.9687,58.0398,70.6256,0,5.42618,12.5096,0,22.1016,10.3717,1.93715,24.1584,39.8731,0,18.7333,22.9734,460.90423,409.8683046
18219,2020-05-12T00:00:00Z,207.452,24.4351,143.561,26.6422,194.6383,184.48084,0,0,0,11.6451,0,14.9971,0,0,21.8055,26.1612,33.1068,0,3.18955,4.63597,0,25.8146,0,6.05867,7.34712,15.4417,0,0,24.4351,194.63841,173.0860989
18219,2020-05-13T00:00:00Z,280.165,9.8191,217.97,27.9196,255.7087,249.1423296,0,0,0,24.0593,0,3.8603,0,0,1.64586,7.71664,51.3339,0,3.94575,12.9678,0,55.5542,5.42618,4.75634,16.0094,56.2755,0,2.3381,9.8191,255.70837,227.3937822
18219,2020-05-14T00:00:00Z,258,13.9729,183.087,40.8701,237.93,229.43166,0,0,0,38.2755,0,2.59454,0,0,15.8198,11.0603,57.6227,0,5.57221,12.4279,0,36.8971,5.42618,0.717067,0,37.5437,0,0,13.9729,237.929897,211.5839195
18219,2020-05-15T00:00:00Z,188.222,18.5211,140.494,18.453,177.4681,167.3801779,0,0,0,10.2588,0,8.19418,0,0,1.87212,6.54736,50.2754,0,0,9.69809,0,21.3333,8.28449,0,14.1501,28.3332,0,0,18.5211,177.46814,157.8170929
18219,2020-05-16T00:00:00Z,135.677,0,93.7921,30.2392,124.0313,120.6534858,0,0,0,30.2392,0,0,0,0,7.16124,15.9538,21.0125,0,0,11.5842,0,9.98223,10.8524,1.77006,8.58808,6.88764,0,0,0,124.03135,110.2973586
18219,2020-05-17T00:00:00Z,93.533,13.6214,58.9226,14.7539,87.2979,83.17609091,0,0,0,9.2348,0,5.51908,0,0,1.6192,9.34555,21.7047,0,0,0,0,7.74965,10.8524,3.12437,0,4.52678,0,0,13.6214,87.29793,77.63143021
18219,2020-05-18T00:00:00Z,62.5672,9.30407,39.3881,12.6233,61.31547,55.63913394,0,0,0,3.0565,0,9.56677,0,0,2.58226,4.91209,15.178,0,0,0,0,1.32903,0,3.675,0,11.7117,0,0,9.30407,61.31542,54.52596354
18219,2020-05-19T00:00:00Z,51.8514,0.957267,42.5673,1.93598,45.460547,46.10989448,0,0,0,0,0,1.93598,0,0,0.923644,6.18067,5.42618,0,0,0,0,6.97907,14.4465,0,0,8.61124,0,0,0.957267,45.460551,40.42670419
18219,2020-05-20T00:00:00Z,36.4864,0,26.9328,4.90793,31.84073,32.44626093,0,0,0,0.737355,0,4.17057,0,0,0,0,0,0,0,3.1992,0,0,10.8524,0,6.51254,6.36869,0,0,0,31.840755,28.3150282
18219,2020-05-21T00:00:00Z,37.1014,2.25445,20.6374,12.7132,35.60505,32.99316198,0,1.86082,0,10.8524,0,0,0,0,0,0,0,0,0,0,0,16.5731,0,0,0,4.06429,0,0,2.25445,35.60506,31.66251171
18219,2020-05-22T00:00:00Z,75.6897,14.4641,49.0836,9.52589,73.07359,67.30857952,0,2.19175,0,2.76678,0,4.56737,0,0,0,7.62529,5.42618,0,1.31862,6.10402,0,11.6433,4.5661,0,0,12.4001,0,0,14.4641,73.07361,64.98216916
18219,2020-05-23T00:00:00Z,36.5528,4.61784,24.1337,4.68415,33.43569,32.50530846,0,0,0,2.03268,0,2.65147,0,0,0,3.3935,0,0,0,2.78733,0,5.90578,5.42618,5.42618,0,1.1947,0,0,4.61784,33.43566,29.73332937
18219,2020-05-24T00:00:00Z,22.5198,2.54818,13.7539,5.40266,21.70474,20.02618255,0,0,0,3.81471,0,1.58794,0,0,0,0,5.42618,0,6.99717,0,0,0,0,1.33053,0,0,0,0,2.54818,21.70471,19.30134746
18219,2020-05-25T00:00:00Z,17.2696,5.42618,9.38796,0,14.81414,15.35733719,0,0,0,0,0,0,0,0,0,0,0,0,0,0,0,5.42618,0,0,0,3.96178,0,0,5.42618,14.81414,13.17377028
18219,2020-05-26T00:00:00Z,18.7028,3.83882,12.896,1.96798,18.7028,16.63183896,0,0,0,0,0,1.96798,0,0,0,0,1.80838,0,0,1.83566,0,1.62245,0,0.798513,6.83097,0,0,0,3.83882,18.702773,16.63181495
18219,2020-05-27T00:00:00Z,20.6559,5.42618,5.42618,8.54049,19.39285,18.36867219,0,0,0,5.42618,0,3.11431,0,0,0,0,0,0,0,0,0,0,0,0,0,0,0,5.42618,5.42618,19.39285,17.24547972
18219,2020-05-28T00:00:00Z,12.896,0,12.896,0,12.896,11.46802592,0,0,0,0,0,0,0,0,0,0,0,0,0,3.26165,0,0.651673,0,0,0,8.98272,0,0,0,12.896043,11.46806416
18219,2020-05-29T00:00:00Z,37.1626,0,26.242,5.42618,31.66818,33.0475853,0,0,0,0,0,5.42618,0,0,0,0,0,0,5.42618,0,0,20.2903,0,0,0,0.52559,0,0,0,31.66825,28.16162468
18219,2020-05-30T00:00:00Z,59.03,2.23483,16.6745,34.4992,53.40853,52.4936081,0,0,0,14.7586,0,19.7406,0,0,0,0,0,0,0,1.0393,0,7.88359,0,0,5.42618,2.32541,0,0,2.23483,53.40851,47.49458569
18219,2020-05-31T00:00:00Z,235.14,17.8916,194.629,15.4048,227.9254,209.1029478,0,0,0,8.20478,0,7.20007,0,0,0,12.8474,22.7179,0,5.42618,0,0,6.87184,132.034,5.42618,0,9.30554,0,0,17.8916,227.92549,202.6873005
18219,2020-06-01T00:00:00Z,240.663,19.9011,185.442,29.4914,234.8345,214.014386,0,5.42618,0,13.051,0,11.0142,0,0,0,19.3801,22.6986,0,5.42618,1.74897,0,0,121.373,0,0,14.8146,0,0,19.9011,234.83393,208.8307689
18219,2020-06-02T00:00:00Z,102.43,15.5573,56.8691,24.2412,96.6676,91.0879261,0,2.69057,0,1.16881,0,20.3818,0,0,0,6.37167,0,0,0,12.8582,0,6.09819,25.0736,2.61443,0,3.85291,0,0,15.5573,96.66748,85.96348994
18219,2020-06-03T00:00:00Z,60.4317,0,45.5187,8.27273,53.79143,53.74009786,0,0,0,2.84655,0,5.42618,0,0,0,10.8524,0,0,0,1.30822,0,16.9723,5.42618,0,0,10.9596,0,0,0,53.79143,47.83510496
18219,2020-06-04T00:00:00Z,23.0416,4.53236,1.19231,13.8971,19.62177,20.49020363,0,0,0,7.57707,0,6.32,0,0,0,0,0,0,0,0,0,1.19231,0,0,0,0,0,0,4.53236,19.62174,17.44902473
18219,2020-06-05T00:00:00Z,30.9305,5.42618,10.6784,11.7963,27.90088,27.50556574,0,0,0,10.5316,0,1.26466,0,0,0,0,0,0,0,0,0,1.1784,0,0,0,9.49999,0,0,5.42618,27.90083,24.81137109
18219,2020-06-06T00:00:00Z,15.1557,5.42618,6.90828,0.807102,13.141562,13.47750934,0,0,0,0.807102,0,0,0,0,0,0,0,0,3.38207,0,0,0,1.17188,2.35433,0,0,0,0,5.42618,13.141562,11.68639684
18219,2020-06-07T00:00:00Z,26.9816,0,16.1693,8.64284,24.81214,23.99392743,0,0,0,5.42618,0,3.21666,0,0,0,0,0,0,5.42618,1.32942,0,3.10749,0,5.42618,0,0.880052,0,0,0,24.812162,22.0647113
18219,2020-06-08T00:00:00Z,10.452,0,8.53304,0,8.53304,9.29465004,0,0,0,0,0,0,0,0,0,0,5.42618,0,0,0,0,3.10687,0,0,0,0,0,0,0,8.53305,7.588185374
18219,2020-06-09T00:00:00Z,0,0,0,0,0,0,0,0,0,0,0,0,0,0,0,0,0,0,0,0,0,0,0,0,0,0,0,0,0,0,0
18219,2020-06-10T00:00:00Z,2.38033,0,0,0,0,2.116756059,0,0,0,0,0,0,0,0,0,0,0,0,0,0,0,0,0,0,0,0,0,0,0,0,0
18219,2020-06-11T00:00:00Z,51.2559,16.2785,18.1861,12.1981,46.6627,45.58033419,0,0,0,9.711,0,2.48713,0,0,0,5.42618,0,0,1.22431,0,0,0,0.902537,7.08893,0,3.54412,0,0,16.2785,46.662707,41.49574545
18219,2020-06-12T00:00:00Z,34.4239,7.18691,16.1026,3.73961,27.02912,30.61214155,0,0,0,1.6026,0,2.137,0,0,0,0,1.52844,0,0,1.92833,0,1.88695,9.21001,0,0,1.54889,0,0,7.18691,27.02913,24.03619444
18219,2020-06-13T00:00:00Z,112.997,11.3615,41.2268,55.1298,107.7181,100.4848422,0,0,0,26.055,0,29.0748,0,0,0,0,4.37681,0,0,0,0,15.5133,18.9523,0,0,2.38434,0,0,11.3615,107.71805,95.79043032
18219,2020-06-14T00:00:00Z,54.1042,2.42085,30.9199,14.9696,48.31035,48.11324193,0,0,0,10.8524,0,4.11721,0,0,0,0,0,0,0,0,0,5.28026,17.2884,5.42618,0,2.92507,0,0,2.42085,48.31037,42.96096273
18219,2020-06-15T00:00:00Z,23.7498,0,15.4658,5.42618,20.89198,21.11998465,0,0,0,5.42618,0,0,0,0,0,0,0,0,0,0,0,1.26092,5.42618,0,0,8.77867,0,0,0,20.89195,18.57858438
18219,2020-06-16T00:00:00Z,27.5406,0,13.9937,7.84344,21.83714,24.49102936,0,0,0,5.19719,0,2.64624,0,0,0,0,0,0,0,0,0,2.15522,0,0,0,11.8385,0,0,0,21.83715,19.41912238
18219,2020-06-17T00:00:00Z,25.5063,5.42618,6.34959,8.98055,20.75632,22.6819874,0,0,0,8.98055,0,0,0,0,0,0,0,0,0,0,0,4.2441,0,0,0,2.10549,0,0,5.42618,20.75632,18.45797269
18219,2020-06-18T00:00:00Z,41.661,2.70032,15.5108,10.9639,29.17502,37.04787747,0,0,0,3.38981,0,7.5741,0,0,0,0,0,0,0,0,0,7.58141,0,0,0,7.92937,0,0,2.70032,29.17501,25.94446114
18219,2020-06-19T00:00:00Z,44.3188,0,16.9678,16.5841,33.5519,39.41137928,0,0,0,11.4496,0,5.13452,0,0,0,0,0,0,3.70097,0,0,11.586,0,1.68083,0,0,0,0,0,33.55192,29.8367159
18219,2020-06-20T00:00:00Z,30.8923,2.11952,14.4789,9.3406,25.93902,27.47159562,0,0,0,8.73283,0,0.607765,0,0,0,0,0,0,5.42618,0,0,0,0,6.86544,0,2.18729,0,0,2.11952,25.939025,23.06679676
18219,2020-06-21T00:00:00Z,14.7298,0,10.0486,1.67703,11.72563,13.09876925,0,0,0,0,0,1.67703,0,0,0,0,0,0,0,3.51914,0,6.52951,0,0,0,0,0,0,0,11.72568,10.42729545
18219,2020-06-22T00:00:00Z,12.5326,0,3.2835,8.49871,11.78221,11.1448652,0,0,0,5.42618,0,3.07253,0,0,0,0,0,0,0,0,0,0,0,2.35365,0,0.929856,0,0,0,11.782216,10.47757122
18219,2020-06-23T00:00:00Z,25.0371,5.42618,5.42618,13.539,24.39136,22.26474192,0,2.68669,0,0,0,10.8524,0,0,0,0,0,0,0,0,0,0,5.42618,0,0,0,0,0,5.42618,24.39145,21.69058474
18219,2020-06-24T00:00:00Z,1.85068,0,0,0,0,1.645754204,0,0,0,0,0,0,0,0,0,0,0,0,0,0,0,0,0,0,0,0,0,0,0,0,0
18219,2020-06-25T00:00:00Z,1.50788,0,0,0,0,1.340912448,0,0,0,0,0,0,0,0,0,0,0,0,0,0,0,0,0,0,0,0,0,0,0,0,0
18219,2020-06-26T00:00:00Z,44.9855,0,21.7864,20.7905,42.5769,40.00425559,0,0,0,20.7905,0,0,0,0,0,0,0,0,0,0,0,15.2723,0,6.51416,0,0,0,0,0,42.57696,37.86241322
18219,2020-06-27T00:00:00Z,50.4313,0,21.1025,22.6718,43.7743,44.84704215,0,0,0,10.913,0,11.7588,0,0,0,0,0,0,0,0,0,18.4394,0,2.66309,0,0,0,0,0,43.77429,38.92716287
18219,2020-06-28T00:00:00Z,2.79908,0,0,2.79908,2.79908,2.489137872,0,0,0,2.79908,0,0,0,0,0,0,0,0,0,0,0,0,0,0,0,0,0,0,0,2.79908,2.489137872
18219,2020-06-29T00:00:00Z,17.4016,2.25745,3.08272,10.9384,16.27857,15.47472083,0,0,0,2.34345,0,8.5949,0,0,0,0,0,0,0,0,0,3.08272,0,0,0,0,0,0,2.25745,16.27852,14.47599948
18219,2020-06-30T00:00:00Z,9.80034,5.42618,1.33085,2.4115,9.16853,8.715148352,0,0,0,1.56716,0,0.844345,0,0,0,0,0,0,0,0,0,0,0,1.33085,0,0,0,0,5.42618,9.168535,8.153303119
18219,2020-07-01T00:00:00Z,14.6247,1.41335,3.86348,7.17223,12.44906,13.00530697,0,0,0,3.1594,0,4.01283,0,0,0,0,0,0,0,0,0,3.86348,0,0,0,0,0,0,1.41335,12.44906,11.07057559
18219,2020-07-02T00:00:00Z,7.69552,0,2.26935,5.42618,7.69553,6.84339507,0,0,0,5.42618,0,0,0,0,0,0,0,0,0,0,0,2.26935,0,0,0,0,0,0,0,7.69553,6.843403963
18219,2020-07-03T00:00:00Z,8.62631,0,3.82283,4.06963,7.89246,7.671118694,0,1.35654,0,0,1.35654,1.35654,0,0,0,0,0,0,0,0,0,2.46628,0,0,0,0,1.35654,0,0,7.89244,7.018510119
18219,2020-07-04T00:00:00Z,17.0494,6.20419,3.91669,5.29581,15.41669,15.16151994,0,0,0,2.79152,0,2.50429,0,0,0,0,0,0,0,0,0,3.91669,0,0,0,0,0,0,6.20419,15.41669,13.70959992
18219,2020-07-05T00:00:00Z,21.7047,3.98859,1.35654,16.3596,21.70473,19.30133857,0,1.35654,0,5.42618,1.35654,8.22031,0,0,0,0,0,0,0,0,0,0,0,0,0,0,1.35654,0,3.98859,21.7047,19.30133857
18219,2020-07-06T00:00:00Z,8.1131,0,0.763438,5.8102,6.573638,7.214736437,0,0.763438,0,0,0.763438,4.28332,0,0,0,0,0,0,0,0,0,0,0,0,0,0,0.763438,0,0,6.573634,5.845735507
18219,2020-07-07T00:00:00Z,12.7178,0,12.152,0,12.152,11.30955801,0,0,0,0,0,0,0,0,0,0,0,0,0,0,0,5.42618,0,0,0,6.72584,0,0,0,12.15202,10.80642683
18219,2020-07-08T00:00:00Z,18.9511,0,1.88737,13.8032,15.69057,16.8526447,0,5.31189,0,2.51467,2.98833,2.98833,0,0,0,0,0,0,0,0,0,0.943683,0,0,0,0,0.943683,0,0,15.690586,13.95316741
18219,2020-07-09T00:00:00Z,7.82771,0,1.07239,2.01073,3.08312,6.960947672,0,0.670243,0,0,0.670243,0.670243,0,0,0,0,0,0,0,0,0,0.536194,0,0,0,0,0.536194,0,0,3.083117,2.741723455
18219,2020-07-10T00:00:00Z,12.0678,0,1.31953,9.84524,11.16477,10.73153251,0,3.0664,0,0,3.0664,3.71244,0,0,0,0,0,0,0,0,0,0,0,0,0,1.31953,0,0,0,11.16477,9.928495018
18219,2020-07-11T00:00:00Z,81.1112,14.5004,28.402,31.6222,74.5246,72.12975682,0,4.43514,0,5.42618,4.43514,17.3258,0,0,0,0,0,0,0,0,0,26.5147,0,0,0,0,1.88737,0,14.5004,74.52473,66.27260665
18219,2020-07-12T00:00:00Z,51.1475,5.42618,11.0884,28.1368,44.65138,45.48393733,0,5.6653,0,8.13216,5.6653,8.67403,0,0,0,0,0,0,0,0,0,6.55618,0,0,0,0,4.53224,0,5.42618,44.65139,39.70714159
18219,2020-07-13T00:00:00Z,12.5288,0,5.42618,5.42618,10.85236,11.14148598,0,0,0,5.42618,0,0,0,0,0,0,0,0,0,0,0,5.42618,0,0,0,0,0,0,0,10.85236,9.650678177
18219,2020-07-14T00:00:00Z,35.8969,0,7.92453,22.3438,30.26833,31.92203626,0,4.97248,0,5.94199,4.97248,6.45684,0,0,0,0,0,0,0,0,0,6.67535,0,0,0,0,1.24918,0,0,30.26832,26.91670893
18219,2020-07-15T00:00:00Z,47.4324,0,8.37193,36.1829,44.55483,42.18021035,0,6.69771,0,7.16056,5.27416,13.9528,3.09775,0,0,0,0,0,0,0,0,8.37193,0,0,0,0,0,0,0,44.55491,39.62134482
18219,2020-07-16T00:00:00Z,19.7368,0,0,17.3196,17.3196,17.55134414,0,2.97246,0,4.03007,2.97246,6.65151,0.693085,0,0,0,0,0,0,0,0,0,0,0,0,0,0,0,0,17.319585,15.40178735
18219,2020-07-17T00:00:00Z,29.0511,0,0,27.5771,27.5771,25.8342717,0,6.46788,0,6.48678,5.74064,5.74064,3.14118,0,0,0,0,0,0,0,0,0,0,0,0,0,0,0,0,27.57712,24.5235055
18219,2020-07-18T00:00:00Z,22.4768,5.42618,0,12.9562,18.38238,19.98794394,0,3.42082,0,2.13814,2.80794,3.6897,0.899577,0,0,0,0,0,0,0,0,0,0,0,0,0,0,0,5.42618,18.382357,16.34687861
18219,2020-07-19T00:00:00Z,11.9869,0,0,10.8524,10.8524,10.65959056,0,2.79806,0,0,2.79806,3.15069,2.10554,0,0,0,0,0,0,0,0,0,0,0,0,0,0,0,0,10.85235,9.650669285
18219,2020-07-20T00:00:00Z,6.97178,0,0.949752,5.42618,6.375932,6.199794801,0,1.44602,0,0,1.44602,1.44602,1.08813,0,0,0,0,0,0,0,0,0.949752,0,0,0,0,0,0,0,6.375942,5.669933942
18219,2020-07-21T00:00:00Z,0,0,0,0,0,0,0,0,0,0,0,0,0,0,0,0,0,0,0,0,0,0,0,0,0,0,0,0,0,0,0
18219,2020-07-22T00:00:00Z,13.2283,1.05708,0.956813,9.03163,11.045523,11.76353034,0,1.80622,0,2.4872,1.80622,2.03573,0.896255,0,0,0,0,0,0,0,0,0,0.956813,0,0,0,0,0,1.05708,11.045518,9.822447792
18219,2020-07-23T00:00:00Z,64.5286,0,22.2286,37.1082,59.3368,57.38334812,0,7.86441,0,2.89485,7.86441,13.56,4.92458,0,0,0,0,0,0,0,0,22.2286,0,0,0,0,0,0,0,59.33685,52.7664806
18219,2020-07-24T00:00:00Z,106.252,6.75894,17.6877,69.8048,94.25144,94.48671604,0,15.5829,0,7.57982,15.4628,19.5436,11.6357,0,0,0,0,0,0,0,0,17.6877,0,0,0,0,0,0,6.75894,94.25146,83.81499583
18219,2020-07-25T00:00:00Z,77.5516,5.42618,10.584,53.3026,69.31278,68.96431133,0,8.80899,0,0,7.01582,32.1984,5.27941,0,0,0,0,0,0,0,0,9.6277,0.956327,0,0,0,0,0,5.42618,69.312827,61.63781767
18219,2020-07-26T00:00:00Z,33.7022,0,0,29.7155,29.7155,29.97035539,0,6.46996,0,0,6.46996,13.8338,2.94171,0,0,0,0,0,0,0,0,0,0,0,0,0,0,0,0,29.71543,26.42504044
18219,2020-07-27T00:00:00Z,21.6719,0,0.549777,14.7994,15.349177,19.27217051,0,1.38613,0,8.65637,1.38613,2.78925,0.581547,0,0,0,0,0,0,0,0,0.549777,0,0,0,0,0,0,0,15.349204,13.64958664
18219,2020-07-28T00:00:00Z,38.8643,0,5.15702,28.8137,33.97072,34.56085606,0,3.28031,0,16.8986,3.28031,3.48335,1.87108,0,0,0,0,0,0,0,0,5.15702,0,0,0,0,0,0,0,33.97067,30.20909771
18219,2020-07-29T00:00:00Z,5.74688,0,0,2.63359,2.63359,5.110527978,0,0,0,1.4192,0,1.21439,0,0,0,0,0,0,0,0,0,0,0,0,0,0,0,0,0,2.63359,2.341972579
18219,2020-07-30T00:00:00Z,0.636549,0,0,0,0,0.566063929,0,0,0,0,0,0,0,0,0,0,0,0,0,0,0,0,0,0,0,0,0,0,0,0,0
18219,2020-07-31T00:00:00Z,10.0124,0,2.2166,6.48689,8.70349,8.903726948,0,1.18551,0,2.03825,1.18551,1.18551,0.892099,0,0,0,0,0,0,0,0,1.23906,0.977539,0,0,0,0,0,0,8.703478,7.739741881
18219,2020-08-01T00:00:00Z,20.5424,0,0,13.8831,13.8831,18.26774005,0,3.69969,0,0,3.69969,3.69969,2.78402,0,0,0,0,0,0,0,0,0,0,0,0,0,0,0,0,13.88309,12.34581544
18219,2020-08-02T00:00:00Z,8.87809,0,1.67131,5.42618,7.09749,7.895019094,0,1.44602,0,0,1.44602,1.44602,1.08813,0,0,0,0,0,0,0,0,1.67131,0,0,0,0,0,0,0,7.0975,6.311593825
18219,2020-08-03T00:00:00Z,39.0773,0,12.2304,24.1992,36.4296,34.75027057,0,4.80694,0,2.36237,4.35713,10.4317,2.2411,0,0,0,0,0,0,0,0,12.2304,0,0,0,0,0,0,0,36.42964,32.39578596
18219,2020-08-04T00:00:00Z,29.5311,0,3.69426,22.4293,26.12356,26.2611213,0,6.3899,0,0,4.41162,9.8378,1.79001,0,0,0,0,0,0,0,0,3.69426,0,0,0,0,0,0,0,26.12359,23.23092488
18219,2020-08-05T00:00:00Z,53.6678,0,8.5227,40.3049,48.8276,47.72516451,0,7.01256,0,5.11647,7.01256,16.5535,4.60973,0,0,0,0,0,0,0,0,8.5227,0,0,0,0,0,0,0,48.82752,43.42084871
18219,2020-08-06T00:00:00Z,59.6161,6.27618,7.21705,39.8053,53.29853,53.01480925,0,5.92466,0,16.5989,5.92466,7.68641,3.67069,0,0,0,0,0,0,0,0,7.21705,0,0,0,0,0,0,6.27618,53.29855,47.39680156
18219,2020-08-07T00:00:00Z,99.0205,0,6.24093,84.5653,90.80623,88.05596004,0,19.9888,0,19.2895,14.496,21.5711,9.21985,0,0,0,0,0,0,0,0,6.24093,0,0,0,0,0,0,0,90.80618,80.75121169
18219,2020-08-08T00:00:00Z,39.7053,5.42618,0,27.5241,32.95028,35.30873213,0,6.29938,0,0.836452,6.15135,9.60803,4.62889,0,0,0,0,0,0,0,0,0,0,0,0,0,0,0,5.42618,32.950282,29.30169727
18219,2020-08-09T00:00:00Z,7.04131,0,0,6.45624,6.45624,6.261625744,0,1.20088,0,1.94992,1.20088,1.20088,0.903666,0,0,0,0,0,0,0,0,0,0,0,0,0,0,0,0,6.456226,5.741328095
18219,2020-08-10T00:00:00Z,0,0,0,0,0,0,0,0,0,0,0,0,0,0,0,0,0,0,0,0,0,0,0,0,0,0,0,0,0,0,0
18219,2020-08-11T00:00:00Z,0,0,0,0,0,0,0,0,0,0,0,0,0,0,0,0,0,0,0,0,0,0,0,0,0,0,0,0,0,0,0
18219,2020-08-12T00:00:00Z,0,0,0,0,0,0,0,0,0,0,0,0,0,0,0,0,0,0,0,0,0,0,0,0,0,0,0,0,0,0,0
18219,2020-08-13T00:00:00Z,0,0,0,0,0,0,0,0,0,0,0,0,0,0,0,0,0,0,0,0,0,0,0,0,0,0,0,0,0,0,0
18219,2020-08-14T00:00:00Z,0,0,0,0,0,0,0,0,0,0,0,0,0,0,0,0,0,0,0,0,0,0,0,0,0,0,0,0,0,0,0
18219,2020-08-15T00:00:00Z,0,0,0,0,0,0,0,0,0,0,0,0,0,0,0,0,0,0,0,0,0,0,0,0,0,0,0,0,0,0,0
18219,2020-08-16T00:00:00Z,0,0,0,0,0,0,0,0,0,0,0,0,0,0,0,0,0,0,0,0,0,0,0,0,0,0,0,0,0,0,0
18219,2020-08-17T00:00:00Z,0.909346,0,0,0,0,0.808654117,0,0,0,0,0,0,0,0,0,0,0,0,0,0,0,0,0,0,0,0,0,0,0,0,0
18219,2020-08-18T00:00:00Z,0,0,0,0,0,0,0,0,0,0,0,0,0,0,0,0,0,0,0,0,0,0,0,0,0,0,0,0,0,0,0
18219,2020-08-19T00:00:00Z,40.3556,0,0,34.0463,34.0463,35.88702441,0,9.09465,0,0.921035,9.09465,9.92304,5.01296,0,0,0,0,0,0,0,0,0,0,0,0,0,0,0,0,34.046335,30.27638433
18219,2020-08-20T00:00:00Z,15.3987,0,0,10.3513,10.3513,13.69360195,0,2.3765,0,1.43352,2.3765,2.3765,1.78832,0,0,0,0,0,0,0,0,0,0,0,0,0,0,0,0,10.35134,9.205136122
18219,2020-08-21T00:00:00Z,7.91812,0,1.06873,5.42618,6.49491,7.041346572,0,1.44602,0,0,1.44602,1.44602,1.08813,0,0,0,0,0,0,0,0,1.06873,0,0,0,0,0,0,0,6.49492,5.775737508
18219,2020-08-22T00:00:00Z,17.9938,0,4.17416,11.1687,15.34286,16.00134653,0,1.97994,0,1.0801,1.97994,4.6388,1.48991,0,0,0,0,0,0,0,0,4.17416,0,0,0,0,0,0,0,15.34285,13.64393622
18219,2020-08-23T00:00:00Z,10.4042,0,0,6.89436,6.89436,9.252142934,0,1.44602,0,0,1.44602,2.9142,1.08813,0,0,0,0,0,0,0,0,0,0,0,0,0,0,0,0,6.89437,6.13095641
18219,2020-08-24T00:00:00Z,14.8663,0,5.42618,8.46067,13.88685,13.2201546,0,3.98899,0,0,0.954496,3.51719,0,0,0,0,0,0,0,0,0,5.42618,0,0,0,0,0,0,0,13.886856,12.34916444
18219,2020-08-25T00:00:00Z,16.0399,0,5.42618,7.5819,13.00808,14.26380187,0,1.68204,0,4.11179,0.894034,0.894034,0,0,0,0,0,0,0,0,0,5.42618,0,0,0,0,0,0,0,13.008078,11.56769352
18219,2020-08-26T00:00:00Z,27.6138,0,1.49745,24.7779,26.27535,24.55612393,4.91915,4.91915,0,2.15152,4.91915,6.15055,1.71834,0,0,0,0,0,0,0,0,1.49745,0,0,0,0,0,0,0,26.27531,23.36584492
18219,2020-08-27T00:00:00Z,244.543,16.097,0.726534,223.919,240.742534,217.4647536,25.6781,25.6781,0,74.4872,25.6781,63.5717,8.82569,0,0,0,0,0,0,0,0,0.726534,0,0,0,0,0,0,16.097,240.742424,214.0850154
18219,2020-08-28T00:00:00Z,429.46,37.2198,0,389.557,426.7768,381.9058942,55.5861,55.5861,0,106.495,55.5861,95.4006,20.9039,0,0,0,0,0,0,0,0,0,0,0,0,0,0,0,37.2198,426.7776,379.5205164
18219,2020-08-29T00:00:00Z,61.273,0.884745,2.72816,56.135,59.747905,54.48824071,11.0327,11.0327,0,8.68499,11.0327,11.2548,3.09724,0,0,0,0,0,0,0,0,2.72816,0,0,0,0,0,0,0.884745,59.748035,53.13213508
18219,2020-08-30T00:00:00Z,104.884,2.06281,9.3959,90.9586,102.41731,93.27019468,14.0768,14.0768,0,14.6261,14.0768,29.7245,4.37752,0,0,0,0,0,0,0,0,9.3959,0,0,0,0,0,0,2.06281,102.41723,91.07657012
18219,2020-08-31T00:00:00Z,60.3208,6.52795,0,51.3906,57.91855,53.64147782,5.38908,5.38908,0,13.3189,5.38908,19.6071,2.29734,0,0,0,0,0,0,0,0,0,0,0,0,0,0,0,6.52795,57.91853,51.50521117
18219,2020-09-01T00:00:00Z,41.6896,0,2.9729,36.7599,39.7328,37.07331059,3.822,3.822,0,11.8936,3.822,11.3492,2.05114,0,0,0,0,0,0,0,0,2.9729,0,0,0,0,0,0,0,39.73284,35.33322263
18219,2020-09-02T00:00:00Z,15.8795,1.62202,0,13.5834,15.20542,14.12116297,2.02753,2.02753,1.62202,4.35307,0,2.02753,1.52572,0,0,0,0,0,0,0,0,0,0,0,0,0,0,0,1.62202,15.20542,13.52172384
18219,2020-09-03T00:00:00Z,27.7753,2.56571,1.09403,21.6689,25.32864,24.69974103,4.01492,4.12142,2.56571,5.42618,0,4.01492,1.52572,0,0,0,0,0,0,0,0,1.09403,0,0,0,0,0,0,2.56571,25.32861,22.52397301
18219,2020-09-04T00:00:00Z,81.7056,9.3767,0,69.0344,78.4111,72.65833891,13.5296,13.5296,9.3767,4.28418,0,20.2254,8.08892,0,0,0,0,0,0,0,0,0,0,0,0,0,0,0,9.3767,78.4111,69.7286389
18219,2020-09-05T00:00:00Z,283.951,32.5086,8.21263,236.053,276.77423,252.5091058,42.307,42.307,25.5964,53.514,0,52.5796,19.7485,0,0,0,0,0,0,0,0,8.21263,0,0,0,0,0,0,32.5086,276.77373,246.1265749
18219,2020-09-06T00:00:00Z,335.841,30.3565,11.1527,287.76,329.2692,298.6533261,50.42,53.842,30.3565,73.1276,0,57.1489,22.8652,0,0,0,0,0,0,0,0,11.1527,0,0,0,0,0,0,30.3565,329.2694,292.8093993
18219,2020-09-07T00:00:00Z,172.66,16.5799,3.46009,150.202,170.24199,153.5413582,29.3282,29.6504,16.5799,22.6845,0,38.656,13.3027,0,0,0,0,0,0,0,0,3.46009,0,0,0,0,0,0,16.5799,170.24169,151.3908277
18219,2020-09-08T00:00:00Z,100.939,6.67387,3.44138,82.9358,93.05105,89.76202453,15.7564,15.7564,6.67387,16.4951,0,21.9764,6.27761,0,0,0,0,0,0,0,0,3.44138,0,0,0,0,0,0,6.67387,93.05103,82.74748945
18219,2020-09-09T00:00:00Z,232.437,18.32,24.9839,178.227,221.5309,206.699251,33.1642,34.2438,33.1642,22.4265,0,45.3361,9.89247,0,0,0,0,0,0,0,0,24.9839,0,0,0,0,0,0,18.32,221.53117,197.0010235
18219,2020-09-10T00:00:00Z,108.005,7.28716,2.70431,90.5874,100.57887,96.04560635,15.1184,15.1184,15.1184,24.468,0,15.3563,5.40794,0,0,0,0,0,0,0,0,2.70431,0,0,0,0,0,0,7.28716,100.57891,89.4418073
18219,2020-09-11T00:00:00Z,24.9967,3.09089,0,18.5435,21.63439,22.22881541,2.92922,2.92922,2.92922,4.28544,0,3.99967,1.47076,0,0,0,0,0,0,0,0,0,0,0,0,0,0,0,3.09089,21.63442,19.23884067
18219,2020-09-12T00:00:00Z,0,0,0,0,0,0,0,0,0,0,0,0,0,0,0,0,0,0,0,0,0,0,0,0,0,0,0,0,0,0,0
18219,2020-09-13T00:00:00Z,0,0,0,0,0,0,0,0,0,0,0,0,0,0,0,0,0,0,0,0,0,0,0,0,0,0,0,0,0,0,0
18219,2020-09-14T00:00:00Z,0,0,0,0,0,0,0,0,0,0,0,0,0,0,0,0,0,0,0,0,0,0,0,0,0,0,0,0,0,0,0
18219,2020-09-15T00:00:00Z,171.421,31.4749,4.1112,125.497,161.0831,152.4395527,22.0477,22.0477,22.0477,26.4143,0,24.8509,8.08918,0,0,0,0,0,0,0,0,4.1112,0,0,0,0,0,0,31.4749,161.08358,143.2467952
18219,2020-09-16T00:00:00Z,215.941,33.3711,13.4753,159.021,205.8674,192.0298531,26.8176,26.8176,26.8176,26.1312,0,38.2507,14.1866,0,0,0,0,0,0,0,0,13.4753,0,0,0,0,0,0,33.3711,205.8677,183.0719696
18219,2020-09-17T00:00:00Z,6.15707,0.7818,0,4.64438,5.42618,5.475297639,0.977249,0.977249,0.977249,0,0,0.977249,0.73538,0,0,0,0,0,0,0,0,0,0,0,0,0,0,0,0.7818,5.426176,4.825335532
18219,2020-09-18T00:00:00Z,104.158,11.3129,1.16691,87.0162,99.49601,92.62458466,16.2005,16.2005,16.2005,12.3002,0,18.0253,8.08918,0,0,0,0,0,0,0,0,1.16691,0,0,0,0,0,0,11.3129,99.49599,88.47879903
18219,2020-09-19T00:00:00Z,96.5658,9.71855,1.4691,79.9987,91.18635,85.87306897,15.0061,15.0859,15.0061,10.7529,0,15.0061,9.14152,0,0,0,0,0,0,0,0,1.4691,0,0,0,0,0,0,9.71855,91.18627,81.08921432
18219,2020-09-20T00:00:00Z,70.2847,5.4726,6.43368,56.8903,68.79658,62.50207517,9.09834,9.09834,9.09834,15.3492,0,9.09834,5.14766,0,0,0,0,0,0,0,0,6.43368,0,0,0,0,0,0,5.4726,68.7965,61.17866356
18219,2020-09-21T00:00:00Z,55.4726,12.1408,0.755593,39.9727,52.869093,49.330119,8.3933,8.55501,8.3933,0.747131,0,8.3933,5.49064,0,0,0,0,0,0,0,0,0.755593,0,0,0,0,0,0,12.1408,52.869074,47.01488144
18219,2020-09-22T00:00:00Z,66.4383,6.94745,2.70827,54.746,64.40172,59.08158704,9.18512,9.18512,9.18512,9.78989,0,12.2531,5.14766,0,0,0,0,0,0,0,0,2.70827,0,0,0,0,0,0,6.94745,64.40173,57.27052644
18219,2020-09-23T00:00:00Z,64.3,10.8524,0,48.6882,59.5406,57.180061,8.62549,8.62549,8.62549,4.40686,0,18.4049,0,0,0,0,0,0,0,0,0,0,0,0,0,0,0,0,10.8524,59.54063,52.94769604
18219,2020-09-24T00:00:00Z,36.0953,1.8333,0,30.7238,32.5571,32.09846743,4.80179,4.80179,4.80179,10.8524,0,5.46602,0,0,0,0,0,0,0,0,0,0,0,0,0,0,0,0,1.8333,32.55709,28.95204342
18219,2020-09-25T00:00:00Z,158.246,65.9803,0,91.0945,157.0748,140.7234204,17.0043,17.0043,17.0043,11.9935,0,28.0882,0,0,0,0,0,0,0,0,0,0,0,0,0,0,0,0,65.9803,157.0749,139.6819963
18219,2020-09-26T00:00:00Z,157.726,52.5961,5.42618,93.7708,151.79308,140.261,21.2254,21.2254,21.2254,3.28677,0,26.8079,0,0,0,0,0,0,0,0,0,5.42618,0,0,0,0,0,0,52.5961,151.79315,134.9850945
18219,2020-09-27T00:00:00Z,75.5483,13.1636,1.34836,59.9854,74.49736,67.18283674,12.3211,12.3211,12.3211,0,0,23.022,0,0,0,0,0,0,0,0,0,1.34836,0,0,0,0,0,0,13.1636,74.49726,66.2481784
18219,2020-09-28T00:00:00Z,37.9832,5.42618,1.73974,30.8173,37.98322,33.77732026,7.48609,7.48609,7.48609,0.872984,0,7.48609,0,0,0,0,0,0,0,0,0,1.73974,0,0,0,0,0,0,5.42618,37.983264,33.77737718
18219,2020-09-29T00:00:00Z,22.0581,0,0,20.607,20.607,19.61560659,4.88747,4.88747,4.88747,1.05715,0,4.88747,0,0,0,0,0,0,0,0,0,0,0,0,0,0,0,0,0,20.60703,18.32521357
18219,2020-09-30T00:00:00Z,68.5346,15.6854,0,52.276,67.9614,60.94576374,6.91926,16.7176,11.2914,3.1787,0,14.1691,0,0,0,0,0,0,0,0,0,0,0,0,0,0,0,0,15.6854,67.96146,60.43608753
18219,2020-10-01T00:00:00Z,41.801,0,0,41.1651,41.1651,37.17237527,7.24998,10.4851,10.4851,1.30155,0,11.6433,0,0,0,0,0,0,0,0,0,0,0,0,0,0,0,0,0,41.16503,36.60682623
18219,2020-10-02T00:00:00Z,32.2448,5.42618,7.58994,11.761,24.77712,28.6743333,1.78917,5.49888,2.23646,0,0,2.23646,0,0,0,0,0,0,0,0,0,7.58994,0,0,0,0,0,0,5.42618,24.77709,22.03352282
18219,2020-10-03T00:00:00Z,34.5173,0,1.40245,32.3133,33.71575,30.69519937,1.14235,3.81567,3.81567,7.71289,0,15.8267,0,0,0,0,0,0,0,0,0,1.40245,0,0,0,0,0,0,0,33.71573,29.98238722
18219,2020-10-04T00:00:00Z,6.51186,0,0,5.42618,5.42618,5.790801742,1.14235,1.42794,1.42794,0,0,1.42794,0,0,0,0,0,0,0,0,0,0,0,0,0,0,0,0,0,5.42617,4.825330196
18219,2020-10-05T00:00:00Z,23.4423,0,0,23.4423,23.4423,20.84653412,3.0494,3.81175,3.81175,2.21448,0,10.5549,0,0,0,0,0,0,0,0,0,0,0,0,0,0,0,0,0,23.44228,20.84651634
18219,2020-10-06T00:00:00Z,13.2913,0,5.42618,7.8651,13.29128,11.81955435,0.906228,1.13278,1.13278,3.56052,0,1.13278,0,0,0,0,0,0,0,0,0,5.42618,0,0,0,0,0,0,0,13.291268,11.81952589
18219,2020-10-07T00:00:00Z,11.415,0,0,9.18917,9.18917,10.15101705,0.971488,1.96122,1.96122,3.32377,0,0.971488,0,0,0,0,0,0,0,0,0,0,0,0,0,0,0,0,0,9.189186,8.171667434
18219,2020-10-08T00:00:00Z,16.9639,0,9.96959,5.42618,15.39577,15.08548735,0,1.23661,1.23661,1.46359,0,1.48937,0,0,0,0,0,0,0,0,0,9.96959,0,0,0,0,0,0,0,15.39577,13.69099639
18219,2020-10-09T00:00:00Z,24.4685,0,2.95738,18.25,21.20738,21.759103,3.12217,3.90271,3.90271,4.20018,0,3.12217,0,0,0,0,0,0,0,0,0,2.95738,0,0,0,0,0,0,0,21.20732,18.85903346
18219,2020-10-10T00:00:00Z,0,0,0,0,0,0,0,0,0,0,0,0,0,0,0,0,0,0,0,0,0,0,0,0,0,0,0,0,0,0,0
18219,2020-10-11T00:00:00Z,5.42618,0,0,5.42618,5.42618,4.825339089,1.02071,1.27589,1.27589,0,0,1.85369,0,0,0,0,0,0,0,0,0,0,0,0,0,0,0,0,0,5.42618,4.825339089
18219,2020-10-12T00:00:00Z,7.48057,0,0,6.81384,6.81384,6.652246484,0,0.896118,0.896118,0.805465,0,4.21614,0,0,0,0,0,0,0,0,0,0,0,0,0,0,0,0,0,6.813841,6.059344386
18219,2020-10-13T00:00:00Z,37.3653,5.42618,5.42618,22.9625,33.81486,33.22784033,3.08035,3.85043,3.85043,3.5537,0,8.62758,0,0,0,0,0,0,0,0,0,5.42618,0,0,0,0,0,0,5.42618,33.81485,30.07053166
18219,2020-10-14T00:00:00Z,86.3008,4.33535,3.33307,70.6641,78.33252,76.74471242,16.3665,22.1754,21.5627,5.13332,0,5.42618,0,0,0,0,0,0,0,0,0,3.33307,0,0,0,0,0,0,4.33535,78.33252,69.65876006
18219,2020-10-15T00:00:00Z,96.3005,0,12.1493,76.2299,88.3792,85.63714564,16.8611,23.9051,22.3928,13.0708,0,0,0,0,0,0,0,0,0,0,0,12.1493,0,0,0,0,0,0,0,88.3791,78.59288226
18219,2020-10-16T00:00:00Z,164.373,1.33192,29.2239,115.98,146.53582,146.1719777,22.6802,33.1446,33.0311,16.7445,0,10.3796,0,0,0,0,0,0,0,0,0,29.2239,0,0,0,0,0,0,1.33192,146.53582,130.3099087
18219,2020-10-17T00:00:00Z,61.3087,0,8.7282,46.7642,55.4924,54.51998765,11.4174,14.4051,14.2718,6.66985,0,0,0,0,0,0,0,0,0,0,0,8.7282,0,0,0,0,0,0,0,55.49235,49.34768208
18219,2020-10-18T00:00:00Z,78.8368,3.46966,0,73.273,76.74266,70.10720114,17.6122,22.7553,22.0152,10.8903,0,0,0,0,0,0,0,0,0,0,0,0,0,0,0,0,0,0,3.46966,76.74266,68.24494526
18219,2020-10-19T00:00:00Z,54.8566,0,16.3736,30.8633,47.2369,48.78232868,5.78249,8.88795,8.88795,4.74037,0,2.56456,0,0,0,0,0,0,0,0,0,16.3736,0,0,0,0,0,0,0,47.23692,42.00637585
18219,2020-10-20T00:00:00Z,59.0604,0,6.78329,47.133,53.91629,52.52064191,9.15084,17.6571,13.2336,3.64352,0,3.44797,0,0,0,0,0,0,0,0,0,6.78329,0,0,0,0,0,0,0,53.91632,47.94616589
18219,2020-10-21T00:00:00Z,67.5889,0,18.2657,40.0354,58.3011,60.1047811,7.30819,17.7251,12.0383,0.994329,0,1.96947,0,0,0,0,0,0,0,0,0,18.2657,0,0,0,0,0,0,0,58.301089,51.84540942
18219,2020-10-22T00:00:00Z,88.8068,1.61329,3.57825,77.6072,82.79874,78.97322304,18.3389,29.1392,27.6938,0,0,2.4353,0,0,0,0,0,0,0,0,0,3.57825,0,0,0,0,0,0,1.61329,82.79874,73.63043552
18219,2020-10-23T00:00:00Z,37.3834,0.980593,10.4703,22.7248,34.175693,33.24393612,2.39749,4.13187,4.13187,12.0636,0,0,0,0,0,0,0,0,0,0,0,10.4703,0,0,0,0,0,0,0.980593,34.175723,30.39144519
18219,2020-10-24T00:00:00Z,33.1864,0,5.42618,23.7258,29.15198,29.51166993,3.33756,7.19846,7.19846,3.54509,0,2.44624,0,0,0,0,0,0,0,0,0,5.42618,0,0,0,0,0,0,0,29.15199,25.92399015
18219,2020-10-25T00:00:00Z,0,0,0,0,0,0,0,0,0,0,0,0,0,0,0,0,0,0,0,0,0,0,0,0,0,0,0,0,0,0,0
18219,2020-10-26T00:00:00Z,0,0,0,0,0,0,0,0,0,0,0,0,0,0,0,0,0,0,0,0,0,0,0,0,0,0,0,0,0,0,0
18219,2020-10-27T00:00:00Z,0,0,0,0,0,0,0,0,0,0,0,0,0,0,0,0,0,0,0,0,0,0,0,0,0,0,0,0,0,0,0
18219,2020-10-28T00:00:00Z,20.0358,3.74167,0,10.2734,14.01507,17.81723587,1.61041,3.52627,3.52627,1.61041,0,0,0,0,0,0,0,0,0,0,0,0,0,0,0,0,0,0,3.74167,14.01503,12.46314573
18219,2020-10-29T00:00:00Z,21.7163,0,1.34939,18.7713,20.12069,19.3116541,1.67297,6.78707,6.78707,3.52418,0,0,0,0,0,0,0,0,0,0,0,0.55712,0.792274,0,0,0,0,0,0,20.120684,17.89272066
18219,2020-10-30T00:00:00Z,93.7443,2.2176,14.3202,63.0389,79.5767,83.36399366,8.50547,20.5677,20.5677,13.398,0,0,0,0,0,0,0,0,0,0,0,14.3202,0,0,0,0,0,0,2.2176,79.57667,70.76514533
18219,2020-10-31T00:00:00Z,104.725,3.47452,9.76672,79.7877,93.02894,93.12880075,7.46288,17.523,17.523,37.2789,0,0,0,0,0,0,0,0,0,0,0,9.76672,0,0,0,0,0,0,3.47452,93.02902,82.72791662
18219,2020-11-01T00:00:00Z,0,0,0,0,0,0,0,0,0,0,0,0,0,0,0,0,0,0,0,0,0,0,0,0,0,0,0,0,0,0,0
18219,2020-11-02T00:00:00Z,0,0,0,0,0,0,0,0,0,0,0,0,0,0,0,0,0,0,0,0,0,0,0,0,0,0,0,0,0,0,0
18219,2020-11-03T00:00:00Z,0,0,0,0,0,0,0,0,0,0,0,0,0,0,0,0,0,0,0,0,0,0,0,0,0,0,0,0,0,0,0
18219,2020-11-04T00:00:00Z,0,0,0,0,0,0,0,0,0,0,0,0,0,0,0,0,0,0,0,0,0,0,0,0,0,0,0,0,0,0,0
18219,2020-11-05T00:00:00Z,11.6753,0,1.12909,8.40657,9.53566,10.38249403,0,1.85753,2.32191,4.22713,0,0,0,0,0,0,0,0,0,0,0,1.12909,0,0,0,0,0,0,0,9.53566,8.479776368
18219,2020-11-06T00:00:00Z,69.7254,0.89262,10.8524,52.5125,64.25752,62.00470646,0,12.9879,16.2349,23.2897,0,0,0,0,0,0,0,0,0,0,0,10.8524,0,0,0,0,0,0,0.89262,64.25752,57.14228481
18219,2020-11-07T00:00:00Z,55.8048,0,2.35259,46.7277,49.08029,49.6255345,0,11.9008,15.734,19.093,0,0,0,0,0,0,0,0,0,0,0,2.35259,0,0,0,0,0,0,0,49.08039,43.64571842
18219,2020-11-08T00:00:00Z,25.4481,0,1.31715,19.4301,20.74725,22.63023189,0,5.02654,6.28318,8.12035,0,0,0,0,0,0,0,0,0,0,0,1.31715,0,0,0,0,0,0,0,20.74722,18.44988033
18219,2020-11-09T00:00:00Z,32.1537,0,1.04049,30.4372,31.47769,28.5933208,0,11.1188,10.6138,8.70447,0,0,0,0,0,0,0,0,0,0,0,1.04049,0,0,0,0,0,0,0,31.47756,27.99204978
18219,2020-11-10T00:00:00Z,55.035,0,3.36881,47.3721,50.74091,48.94097445,0,15.0572,18.4657,13.8493,0,0,0,0,0,0,0,0,0,0,0,3.36881,0,0,0,0,0,0,0,50.74101,45.12245796
18219,2020-11-11T00:00:00Z,0.886967,0,0,0,0,0.788753144,0,0,0,0,0,0,0,0,0,0,0,0,0,0,0,0,0,0,0,0,0,0,0,0,0
18219,2020-11-12T00:00:00Z,26.3351,0,3.06102,22.0974,25.15842,23.41901438,0,1.9194,6.04064,10.3985,1.86943,0,0,0,0,0,0,0,0,0,1.86943,3.06102,0,0,0,0,0,0,0,25.15842,22.37262815
18219,2020-11-13T00:00:00Z,39.1635,0,0,32.7285,32.7285,34.82692565,0,3.68118,10.4507,11.2342,3.68118,0,0,0,0,0,0,0,0,0,3.68118,0,0,0,0,0,0,0,0,32.72844,29.10441984
18219,2020-11-14T00:00:00Z,44.4726,0,3.35284,38.5386,41.89144,39.548149,0,4.68454,11.8233,12.6617,4.68454,0,0,0,0,0,0,0,0,0,4.68454,3.35284,0,0,0,0,0,0,0,41.89146,37.25281863
18219,2020-11-15T00:00:00Z,16.6068,0,0,12.6861,12.6861,14.76792904,0,1.92214,3.84428,3.07542,1.92214,0,0,0,0,0,0,0,0,0,1.92214,0,0,0,0,0,0,0,0,12.68612,11.28138593
18219,2020-11-16T00:00:00Z,63.3052,1.05657,0.80959,54.6633,56.52946,56.2954152,0,7.55451,15.109,16.8907,7.55451,0,0,0,0,0,0,0,0,0,7.55451,0.80959,0,0,0,0,0,0,1.05657,56.52939,50.26989065
18219,2020-11-17T00:00:00Z,96.5396,0,8.42179,80.5417,88.96349,85.84977009,0,8.50094,27.6245,27.4144,8.50094,0,0,0,0,0,0,0,0,0,8.50094,8.42179,0,0,0,0,0,0,0,88.96351,79.11258054
18219,2020-11-18T00:00:00Z,77.1757,0,1.08694,67.0644,68.15134,68.63003474,0,0.931215,22.5303,22.3891,10.6069,0,0,0,0,0,0,0,0,0,10.6069,1.08694,0,0,0,0,0,0,0,68.151355,60.60495546
18219,2020-11-19T00:00:00Z,41.4231,0,0,34.6285,34.6285,36.83632014,0,0,7.58475,19.4589,3.79238,0,0,0,0,0,0,0,0,0,3.79238,0,0,0,0,0,0,0,0,34.62841,30.79400616
18219,2020-11-20T00:00:00Z,66.8099,0,4.94661,55.0661,60.01271,59.41203977,0,0,19.8226,15.4208,9.91132,0,0,0,0,0,0,0,0,0,9.91132,4.94661,0,0,0,0,0,0,0,60.01265,53.36744927
18219,2020-11-21T00:00:00Z,55.4269,0,6.33671,45.1877,51.52441,49.28947936,0,0,15.1234,18.0903,5.98698,0,0,0,0,0,0,0,0,0,5.98698,6.33671,0,0,0,0,0,0,0,51.52437,45.81907651
18219,2020-11-22T00:00:00Z,22.1876,0,0,17.8621,17.8621,19.73076705,0,0,6.46034,4.94141,3.23017,0,0,0,0,0,0,0,0,0,3.23017,0,0,0,0,0,0,0,0,17.86209,15.88422077
18219,2020-11-23T00:00:00Z,49.4747,0,3.25724,38.5272,41.78444,43.99636647,0,0,10.1898,19.1357,4.60081,0,0,0,0,0,0,0,0,0,4.60081,3.25724,0,0,0,0,0,0,0,41.78436,37.15757782
18219,2020-11-24T00:00:00Z,68.5636,0,2.89957,58.3508,61.25037,60.97155257,0,0,19.2354,22.1715,8.47192,0,0,0,0,0,0,0,0,0,8.47192,2.89957,0,0,0,0,0,0,0,61.25031,54.46806317
18219,2020-11-25T00:00:00Z,23.028,0,1.75896,18.6526,20.41156,20.47810956,0,0,6.89308,4.86648,3.44654,0,0,0,0,0,0,0,0,0,3.44654,1.75896,0,0,0,0,0,0,0,20.4116,18.15142353
18219,2020-11-26T00:00:00Z,19.4489,0,1.89497,16.7417,18.63667,17.2953233,0,0,6.2615,4.21873,3.13075,0,0,0,0,0,0,0,0,0,3.13075,1.89497,0,0,0,0,0,0,0,18.6367,16.57305821
18219,2020-11-27T00:00:00Z,11.9732,0,0.79378,9.43407,10.22785,10.64740756,0,0,3.62849,2.17709,1.81424,0,0,0,0,0,0,0,0,0,1.81424,0.79378,0,0,0,0,0,0,0,10.22784,9.095311277
18219,2020-11-28T00:00:00Z,29.1204,0,3.51545,23.8348,27.35025,25.89589811,0,0,7.55886,10.7033,2.78632,0,0,0,0,0,0,0,0,0,2.78632,3.51545,0,0,0,0,0,0,0,27.35025,24.32175682
18219,2020-11-29T00:00:00Z,6.86343,0,0,5.42618,5.42618,6.103442396,0,0,2.08699,1.25219,1.0435,0,0,0,0,0,0,0,0,0,1.0435,0,0,0,0,0,0,0,0,5.42618,4.825339089
18219,2020-11-30T00:00:00Z,0,0,0,0,0,0,0,0,0,0,0,0,0,0,0,0,0,0,0,0,0,0,0,0,0,0,0,0,0,0,0
18219,2020-12-01T00:00:00Z,21.8173,0,0.88826,20.929,21.81726,19.40147037,0,0,7.44594,6.03711,3.72297,0,0,0,0,0,0,0,0,0,3.72297,0.88826,0,0,0,0,0,0,0,21.81725,19.40142591
18219,2020-12-02T00:00:00Z,45.9738,0,0,44.0197,44.0197,40.88312113,0,0,16.5264,12.0004,7.74651,0,0,0,0,0,0,0,0,0,7.74651,0,0,0,0,0,0,0,0,44.01982,39.14550533
18219,2020-12-03T00:00:00Z,35.847,0,0,29.2813,29.2813,31.87766169,0,0,11.3284,6.62445,5.66421,0,0,0,0,0,0,0,0,0,5.66421,0,0,0,0,0,0,0,0,29.28127,26.03895497
18219,2020-12-04T00:00:00Z,15.4628,0,0,12.9392,12.9392,13.75060416,0,0,4.34392,5.59606,1.4996,0,0,0,0,0,0,0,0,0,1.4996,0,0,0,0,0,0,0,0,12.93918,11.5064246
18219,2020-12-05T00:00:00Z,11.4645,0,0,10.8524,10.8524,10.19503592,0,0,4.27012,2.31212,2.13506,0,0,0,0,0,0,0,0,0,2.13506,0,0,0,0,0,0,0,0,10.85236,9.650678177
18219,2020-12-06T00:00:00Z,6.33026,0,0,3.00209,3.00209,5.62931031,0,0,1.05231,0.897471,0.526155,0,0,0,0,0,0,0,0,0,0.526155,0,0,0,0,0,0,0,0,3.002091,2.669669464
18219,2020-12-07T00:00:00Z,23.8809,0,0,19.5801,19.5801,21.23656794,0,0,6.10026,7.3796,3.05013,0,0,0,0,0,0,0,0,0,3.05013,0,0,0,0,0,0,0,0,19.58012,17.41201331
18219,2020-12-08T00:00:00Z,14.0659,0,0,12.4356,12.4356,12.50838289,0,0,4.96433,2.50698,2.48216,0,0,0,0,0,0,0,0,0,2.48216,0,0,0,0,0,0,0,0,12.43563,11.05863269
